Datetime,Water Level (m)
2025-05-01 18:00:00,0.097612
2025-05-01 19:00:00,-0.065332666
2025-05-01 20:00:00,-0.19088355
2025-05-01 21:00:00,-0.19542593
2025-05-01 22:00:00,-0.10517669
2025-05-01 23:00:00,0.06135727
2025-05-02 00:00:00,0.2138414
2025-05-02 01:00:00,0.2957509
2025-05-02 02:00:00,0.30797493
2025-05-02 03:00:00,0.2521395
2025-05-02 04:00:00,0.1427942
2025-05-02 05:00:00,0.02486089
2025-05-02 06:00:00,-0.10687547
2025-05-02 07:00:00,-0.24233347
2025-05-02 08:00:00,-0.3470588
2025-05-02 09:00:00,-0.31979904
2025-05-02 10:00:00,-0.1824632
2025-05-02 11:00:00,0.04805284
2025-05-02 12:00:00,0.27828035
2025-05-02 13:00:00,0.46531075
2025-05-02 14:00:00,0.5862797
2025-05-02 15:00:00,0.5967707
2025-05-02 16:00:00,0.52395314
2025-05-02 17:00:00,0.40312654
2025-05-02 18:00:00,0.26493683
2025-05-02 19:00:00,0.110875525
2025-05-02 20:00:00,-0.041776486
2025-05-02 21:00:00,-0.15049522
2025-05-02 22:00:00,-0.14613004
2025-05-02 23:00:00,-0.06836269
2025-05-03 00:00:00,0.06867197
2025-05-03 01:00:00,0.19972616
2025-05-03 02:00:00,0.26254302
2025-05-03 03:00:00,0.26108587
2025-05-03 04:00:00,0.2006201
2025-05-03 05:00:00,0.11045597
2025-05-03 06:00:00,0.003971954
2025-05-03 07:00:00,-0.11352355
2025-05-03 08:00:00,-0.22750686
2025-05-03 09:00:00,-0.2792013
2025-05-03 10:00:00,-0.21796991
2025-05-03 11:00:00,-0.05500028
2025-05-03 12:00:00,0.13718009
2025-05-03 13:00:00,0.32457152
2025-05-03 14:00:00,0.47258744
2025-05-03 15:00:00,0.5603911
2025-05-03 16:00:00,0.555031
2025-05-03 17:00:00,0.47592363
2025-05-03 18:00:00,0.36244673
2025-05-03 19:00:00,0.23443869
2025-05-03 20:00:00,0.09315324
2025-05-03 21:00:00,-0.04000711
2025-05-03 22:00:00,-0.12995376
2025-05-03 23:00:00,-0.12744196
2025-05-04 00:00:00,-0.06978119
2025-05-04 01:00:00,0.028449861
2025-05-04 02:00:00,0.124277644
2025-05-04 03:00:00,0.18835083
2025-05-04 04:00:00,0.20383802
2025-05-04 05:00:00,0.1728172
2025-05-04 06:00:00,0.10664711
2025-05-04 07:00:00,0.021666883
2025-05-04 08:00:00,-0.070990175
2025-05-04 09:00:00,-0.15832035
2025-05-04 10:00:00,-0.18323077
2025-05-04 11:00:00,-0.11920431
2025-05-04 12:00:00,0.02605667
2025-05-04 13:00:00,0.18377565
2025-05-04 14:00:00,0.32148728
2025-05-04 15:00:00,0.43046683
2025-05-04 16:00:00,0.50221354
2025-05-04 17:00:00,0.49739927
2025-05-04 18:00:00,0.4362167
2025-05-04 19:00:00,0.34261855
2025-05-04 20:00:00,0.23429844
2025-05-04 21:00:00,0.110327795
2025-05-04 22:00:00,-0.013403596
2025-05-04 23:00:00,-0.117721006
2025-05-05 00:00:00,-0.14350395
2025-05-05 01:00:00,-0.10663186
2025-05-05 02:00:00,-0.027127814
2025-05-05 03:00:00,0.068823054
2025-05-05 04:00:00,0.14539397
2025-05-05 05:00:00,0.17842425
2025-05-05 06:00:00,0.17224765
2025-05-05 07:00:00,0.1265874
2025-05-05 08:00:00,0.059416167
2025-05-05 09:00:00,-0.017664244
2025-05-05 10:00:00,-0.08957636
2025-05-05 11:00:00,-0.12885045
2025-05-05 12:00:00,-0.094587594
2025-05-05 13:00:00,0.0048972885
2025-05-05 14:00:00,0.13533255
2025-05-05 15:00:00,0.25480357
2025-05-05 16:00:00,0.35428306
2025-05-05 17:00:00,0.4304318
2025-05-05 18:00:00,0.44791463
2025-05-05 19:00:00,0.40350977
2025-05-05 20:00:00,0.31595472
2025-05-05 21:00:00,0.2095876
2025-05-05 22:00:00,0.08727255
2025-05-05 23:00:00,-0.032636978
2025-05-06 00:00:00,-0.14031199
2025-05-06 01:00:00,-0.18566766
2025-05-06 02:00:00,-0.15677817
2025-05-06 03:00:00,-0.07725213
2025-05-06 04:00:00,0.033735503
2025-05-06 05:00:00,0.13305138
2025-05-06 06:00:00,0.2056969
2025-05-06 07:00:00,0.2425256
2025-05-06 08:00:00,0.22619925
2025-05-06 09:00:00,0.16589959
2025-05-06 10:00:00,0.08581221
2025-05-06 11:00:00,0.0016125139
2025-05-06 12:00:00,-0.067893185
2025-05-06 13:00:00,-0.07707021
2025-05-06 14:00:00,-0.013366346
2025-05-06 15:00:00,0.11390774
2025-05-06 16:00:00,0.2466171
2025-05-06 17:00:00,0.34820548
2025-05-06 18:00:00,0.4251216
2025-05-06 19:00:00,0.45988253
2025-05-06 20:00:00,0.42633447
2025-05-06 21:00:00,0.33935696
2025-05-06 22:00:00,0.23191825
2025-05-06 23:00:00,0.1069985
2025-05-07 00:00:00,-0.017625092
2025-05-07 01:00:00,-0.13794827
2025-05-07 02:00:00,-0.19415271
2025-05-07 03:00:00,-0.15905957
2025-05-07 04:00:00,-0.057741173
2025-05-07 05:00:00,0.075624354
2025-05-07 06:00:00,0.19956018
2025-05-07 07:00:00,0.2926302
2025-05-07 08:00:00,0.34252885
2025-05-07 09:00:00,0.3305126
2025-05-07 10:00:00,0.26740792
2025-05-07 11:00:00,0.1744101
2025-05-07 12:00:00,0.07917176
2025-05-07 13:00:00,-0.011421443
2025-05-07 14:00:00,-0.060368676
2025-05-07 15:00:00,-0.019335557
2025-05-07 16:00:00,0.09474235
2025-05-07 17:00:00,0.23236172
2025-05-07 18:00:00,0.35148528
